{
  "x": -15.737950649550303,
  "y": 5.493632613318987
}