{
  "x": 38.889715116440755,
  "y": 9.641340812759244
}