{
  "x": 47.99110646089457,
  "y": 18.660737640596384
}