{
  "x": 34.29802218590548,
  "y": 9.477351779525842
}